<annotation>
	<folder>Collect_data</folder>
	<filename>Card.6.jpg</filename>
	<path>D:\Udemy_Course\RealTimeObjectDetection\Tensorflow\workspace\images\Collect_data\Card.6.jpg</path>
	<source>
		<database>Unknown</database>
	</source>
	<size>
		<width>640</width>
		<height>480</height>
		<depth>3</depth>
	</size>
	<segmented>0</segmented>
	<object>
		<name>Card</name>
		<pose>Unspecified</pose>
		<truncated>0</truncated>
		<difficult>0</difficult>
		<bndbox>
			<xmin>194</xmin>
			<ymin>226</ymin>
			<xmax>274</xmax>
			<ymax>343</ymax>
		</bndbox>
	</object>
	<object>
		<name>Card</name>
		<pose>Unspecified</pose>
		<truncated>0</truncated>
		<difficult>0</difficult>
		<bndbox>
			<xmin>430</xmin>
			<ymin>221</ymin>
			<xmax>496</xmax>
			<ymax>334</ymax>
		</bndbox>
	</object>
</annotation>
