<annotation>
	<folder>Collect_data</folder>
	<filename>Card.1.jpg</filename>
	<path>D:\Udemy_Course\RealTimeObjectDetection\Tensorflow\workspace\images\Collect_data\Card.1.jpg</path>
	<source>
		<database>Unknown</database>
	</source>
	<size>
		<width>640</width>
		<height>480</height>
		<depth>3</depth>
	</size>
	<segmented>0</segmented>
	<object>
		<name>Card</name>
		<pose>Unspecified</pose>
		<truncated>0</truncated>
		<difficult>0</difficult>
		<bndbox>
			<xmin>193</xmin>
			<ymin>200</ymin>
			<xmax>274</xmax>
			<ymax>330</ymax>
		</bndbox>
	</object>
	<object>
		<name>Card</name>
		<pose>Unspecified</pose>
		<truncated>0</truncated>
		<difficult>0</difficult>
		<bndbox>
			<xmin>411</xmin>
			<ymin>202</ymin>
			<xmax>505</xmax>
			<ymax>330</ymax>
		</bndbox>
	</object>
</annotation>
