<annotation>
	<folder>Collect_data</folder>
	<filename>Card.7.jpg</filename>
	<path>D:\Udemy_Course\RealTimeObjectDetection\Tensorflow\workspace\images\Collect_data\Card.7.jpg</path>
	<source>
		<database>Unknown</database>
	</source>
	<size>
		<width>640</width>
		<height>480</height>
		<depth>3</depth>
	</size>
	<segmented>0</segmented>
	<object>
		<name>Card</name>
		<pose>Unspecified</pose>
		<truncated>0</truncated>
		<difficult>0</difficult>
		<bndbox>
			<xmin>174</xmin>
			<ymin>232</ymin>
			<xmax>286</xmax>
			<ymax>310</ymax>
		</bndbox>
	</object>
	<object>
		<name>Card</name>
		<pose>Unspecified</pose>
		<truncated>0</truncated>
		<difficult>0</difficult>
		<bndbox>
			<xmin>387</xmin>
			<ymin>222</ymin>
			<xmax>511</xmax>
			<ymax>317</ymax>
		</bndbox>
	</object>
</annotation>
