<annotation>
	<folder>Collect_data</folder>
	<filename>Card.2.jpg</filename>
	<path>D:\Udemy_Course\RealTimeObjectDetection\Tensorflow\workspace\images\Collect_data\Card.2.jpg</path>
	<source>
		<database>Unknown</database>
	</source>
	<size>
		<width>640</width>
		<height>480</height>
		<depth>3</depth>
	</size>
	<segmented>0</segmented>
	<object>
		<name>Card</name>
		<pose>Unspecified</pose>
		<truncated>0</truncated>
		<difficult>0</difficult>
		<bndbox>
			<xmin>159</xmin>
			<ymin>187</ymin>
			<xmax>283</xmax>
			<ymax>346</ymax>
		</bndbox>
	</object>
	<object>
		<name>Card</name>
		<pose>Unspecified</pose>
		<truncated>0</truncated>
		<difficult>0</difficult>
		<bndbox>
			<xmin>379</xmin>
			<ymin>195</ymin>
			<xmax>516</xmax>
			<ymax>346</ymax>
		</bndbox>
	</object>
</annotation>
