<annotation>
	<folder>Collect_data</folder>
	<filename>Hate.4.jpg</filename>
	<path>D:\Udemy_Course\RealTimeObjectDetection\Tensorflow\workspace\images\Collect_data\Hate.4.jpg</path>
	<source>
		<database>Unknown</database>
	</source>
	<size>
		<width>640</width>
		<height>480</height>
		<depth>3</depth>
	</size>
	<segmented>0</segmented>
	<object>
		<name>Hate</name>
		<pose>Unspecified</pose>
		<truncated>1</truncated>
		<difficult>0</difficult>
		<bndbox>
			<xmin>166</xmin>
			<ymin>278</ymin>
			<xmax>264</xmax>
			<ymax>480</ymax>
		</bndbox>
	</object>
	<object>
		<name>Hate</name>
		<pose>Unspecified</pose>
		<truncated>1</truncated>
		<difficult>0</difficult>
		<bndbox>
			<xmin>414</xmin>
			<ymin>301</ymin>
			<xmax>520</xmax>
			<ymax>480</ymax>
		</bndbox>
	</object>
</annotation>
