<annotation>
	<folder>Collect_data</folder>
	<filename>Hate.1.jpg</filename>
	<path>D:\Udemy_Course\RealTimeObjectDetection\Tensorflow\workspace\images\Collect_data\Hate.1.jpg</path>
	<source>
		<database>Unknown</database>
	</source>
	<size>
		<width>640</width>
		<height>480</height>
		<depth>3</depth>
	</size>
	<segmented>0</segmented>
	<object>
		<name>Hate</name>
		<pose>Unspecified</pose>
		<truncated>0</truncated>
		<difficult>0</difficult>
		<bndbox>
			<xmin>159</xmin>
			<ymin>159</ymin>
			<xmax>304</xmax>
			<ymax>368</ymax>
		</bndbox>
	</object>
	<object>
		<name>Hate</name>
		<pose>Unspecified</pose>
		<truncated>0</truncated>
		<difficult>0</difficult>
		<bndbox>
			<xmin>379</xmin>
			<ymin>193</ymin>
			<xmax>548</xmax>
			<ymax>363</ymax>
		</bndbox>
	</object>
</annotation>
