<annotation>
	<folder>Collect_data</folder>
	<filename>Heart.7.jpg</filename>
	<path>D:\Udemy_Course\RealTimeObjectDetection\Tensorflow\workspace\images\Collect_data\Heart.7.jpg</path>
	<source>
		<database>Unknown</database>
	</source>
	<size>
		<width>640</width>
		<height>480</height>
		<depth>3</depth>
	</size>
	<segmented>0</segmented>
	<object>
		<name>miniheart</name>
		<pose>Unspecified</pose>
		<truncated>0</truncated>
		<difficult>0</difficult>
		<bndbox>
			<xmin>234</xmin>
			<ymin>263</ymin>
			<xmax>360</xmax>
			<ymax>387</ymax>
		</bndbox>
	</object>
	<object>
		<name>miniheart</name>
		<pose>Unspecified</pose>
		<truncated>0</truncated>
		<difficult>0</difficult>
		<bndbox>
			<xmin>372</xmin>
			<ymin>259</ymin>
			<xmax>471</xmax>
			<ymax>388</ymax>
		</bndbox>
	</object>
</annotation>
