<annotation>
	<folder>Collect_data</folder>
	<filename>Heart.6.jpg</filename>
	<path>D:\Udemy_Course\RealTimeObjectDetection\Tensorflow\workspace\images\Collect_data\Heart.6.jpg</path>
	<source>
		<database>Unknown</database>
	</source>
	<size>
		<width>640</width>
		<height>480</height>
		<depth>3</depth>
	</size>
	<segmented>0</segmented>
	<object>
		<name>miniheart</name>
		<pose>Unspecified</pose>
		<truncated>0</truncated>
		<difficult>0</difficult>
		<bndbox>
			<xmin>205</xmin>
			<ymin>255</ymin>
			<xmax>312</xmax>
			<ymax>395</ymax>
		</bndbox>
	</object>
	<object>
		<name>miniheart</name>
		<pose>Unspecified</pose>
		<truncated>0</truncated>
		<difficult>0</difficult>
		<bndbox>
			<xmin>386</xmin>
			<ymin>248</ymin>
			<xmax>485</xmax>
			<ymax>372</ymax>
		</bndbox>
	</object>
</annotation>
