<annotation>
	<folder>Collect_data</folder>
	<filename>Heart.10.jpg</filename>
	<path>D:\Udemy_Course\RealTimeObjectDetection\Tensorflow\workspace\images\Collect_data\Heart.10.jpg</path>
	<source>
		<database>Unknown</database>
	</source>
	<size>
		<width>640</width>
		<height>480</height>
		<depth>3</depth>
	</size>
	<segmented>0</segmented>
	<object>
		<name>miniheart</name>
		<pose>Unspecified</pose>
		<truncated>0</truncated>
		<difficult>0</difficult>
		<bndbox>
			<xmin>207</xmin>
			<ymin>316</ymin>
			<xmax>329</xmax>
			<ymax>466</ymax>
		</bndbox>
	</object>
	<object>
		<name>miniheart</name>
		<pose>Unspecified</pose>
		<truncated>0</truncated>
		<difficult>0</difficult>
		<bndbox>
			<xmin>398</xmin>
			<ymin>313</ymin>
			<xmax>544</xmax>
			<ymax>460</ymax>
		</bndbox>
	</object>
</annotation>
