<annotation>
	<folder>Collect_data</folder>
	<filename>Heart.9.jpg</filename>
	<path>D:\Udemy_Course\RealTimeObjectDetection\Tensorflow\workspace\images\Collect_data\Heart.9.jpg</path>
	<source>
		<database>Unknown</database>
	</source>
	<size>
		<width>640</width>
		<height>480</height>
		<depth>3</depth>
	</size>
	<segmented>0</segmented>
	<object>
		<name>miniheart</name>
		<pose>Unspecified</pose>
		<truncated>0</truncated>
		<difficult>0</difficult>
		<bndbox>
			<xmin>189</xmin>
			<ymin>296</ymin>
			<xmax>276</xmax>
			<ymax>435</ymax>
		</bndbox>
	</object>
	<object>
		<name>miniheart</name>
		<pose>Unspecified</pose>
		<truncated>0</truncated>
		<difficult>0</difficult>
		<bndbox>
			<xmin>428</xmin>
			<ymin>294</ymin>
			<xmax>560</xmax>
			<ymax>447</ymax>
		</bndbox>
	</object>
</annotation>
