<annotation>
	<folder>Collect_data</folder>
	<filename>Heart.5.jpg</filename>
	<path>D:\Udemy_Course\RealTimeObjectDetection\Tensorflow\workspace\images\Collect_data\Heart.5.jpg</path>
	<source>
		<database>Unknown</database>
	</source>
	<size>
		<width>640</width>
		<height>480</height>
		<depth>3</depth>
	</size>
	<segmented>0</segmented>
	<object>
		<name>miniheart</name>
		<pose>Unspecified</pose>
		<truncated>1</truncated>
		<difficult>0</difficult>
		<bndbox>
			<xmin>365</xmin>
			<ymin>134</ymin>
			<xmax>640</xmax>
			<ymax>445</ymax>
		</bndbox>
	</object>
	<object>
		<name>miniheart</name>
		<pose>Unspecified</pose>
		<truncated>0</truncated>
		<difficult>0</difficult>
		<bndbox>
			<xmin>203</xmin>
			<ymin>243</ymin>
			<xmax>301</xmax>
			<ymax>383</ymax>
		</bndbox>
	</object>
</annotation>
