<annotation>
	<folder>Collect_data</folder>
	<filename>Like.9.jpg</filename>
	<path>D:\Udemy_Course\RealTimeObjectDetection\Tensorflow\workspace\images\Collect_data\Like.9.jpg</path>
	<source>
		<database>Unknown</database>
	</source>
	<size>
		<width>640</width>
		<height>480</height>
		<depth>3</depth>
	</size>
	<segmented>0</segmented>
	<object>
		<name>Like</name>
		<pose>Unspecified</pose>
		<truncated>0</truncated>
		<difficult>0</difficult>
		<bndbox>
			<xmin>118</xmin>
			<ymin>225</ymin>
			<xmax>278</xmax>
			<ymax>431</ymax>
		</bndbox>
	</object>
	<object>
		<name>Like</name>
		<pose>Unspecified</pose>
		<truncated>0</truncated>
		<difficult>0</difficult>
		<bndbox>
			<xmin>426</xmin>
			<ymin>225</ymin>
			<xmax>574</xmax>
			<ymax>434</ymax>
		</bndbox>
	</object>
</annotation>
