<annotation>
	<folder>Collect_data</folder>
	<filename>Like.6.jpg</filename>
	<path>D:\Udemy_Course\RealTimeObjectDetection\Tensorflow\workspace\images\Collect_data\Like.6.jpg</path>
	<source>
		<database>Unknown</database>
	</source>
	<size>
		<width>640</width>
		<height>480</height>
		<depth>3</depth>
	</size>
	<segmented>0</segmented>
	<object>
		<name>Like</name>
		<pose>Unspecified</pose>
		<truncated>0</truncated>
		<difficult>0</difficult>
		<bndbox>
			<xmin>184</xmin>
			<ymin>201</ymin>
			<xmax>308</xmax>
			<ymax>384</ymax>
		</bndbox>
	</object>
	<object>
		<name>Like</name>
		<pose>Unspecified</pose>
		<truncated>0</truncated>
		<difficult>0</difficult>
		<bndbox>
			<xmin>400</xmin>
			<ymin>205</ymin>
			<xmax>514</xmax>
			<ymax>376</ymax>
		</bndbox>
	</object>
</annotation>
